Model,Train MSE,Test MSE,Train MAE,Test MAE,Train R2,Test R2
Pipeline,1739.3244639038844,6466.977966319422,15.850238969363973,36.0184120373674,0.9095254026392746,0.8729644917524441
